country,region,num_reef_fishers,alternate_source_estimate,alternate_estimate_year,alternate_estimate_source,source_name_verbatim
American Samoa,Western Pacific,1847,0,,,American Samoa
Anguilla,Eastern Pacific/Atlantic,208,0,,,Anguilla
Antigua and Barbuda,Eastern Pacific/Atlantic,864,1,2005,FAO 2012,Antigua and Barbuda*
Aruba,Eastern Pacific/Atlantic,1018,0,,,Aruba
Australia,Western Pacific,29593,0,,,Australia
Bahamas,Eastern Pacific/Atlantic,12000,1,2001,CARICOM 2001,Bahamas*
Bahrain,Middle East/NE Africa,7200,1,2001,FAO 2012,Bahrain*
Bangladesh,Indian Ocean,230498,0,,,Bangladesh
Barbados,Eastern Pacific/Atlantic,566,0,,,Barbados
Belize,Eastern Pacific/Atlantic,6926,0,,,Belize
Bermuda,Eastern Pacific/Atlantic,2158,0,,,Bermuda
Brazil,Eastern Pacific/Atlantic,144433,0,,,Brazil
British Virgin Islands,Eastern Pacific/Atlantic,1579,0,,,British Virgin Islands
Brunei Darsm,Southeast Asia,920,0,,,Brunei Darsm
Cambodia,Southeast Asia,14364,0,,,Cambodia
Cayman Islands,Eastern Pacific/Atlantic,1318,0,,,Cayman Islands
China,Southeast Asia,189467,0,,,China 1
Colombia,Eastern Pacific/Atlantic,12188,0,,,Colombia
Comoros,Indian Ocean,12077,0,,,Comoros
Cook Islands,Western Pacific,3971,0,,,Cook Islands
Costa Rica,Eastern Pacific/Atlantic,12303,0,,,Costa Rica
Cuba,Eastern Pacific/Atlantic,11890,1,2002,FAO 2012,Cuba*
Djibouti,Middle East/NE Africa,901,0,,,Djibouti
Dominica,Eastern Pacific/Atlantic,1377,0,,,Dominica
Dominican Republic,Eastern Pacific/Atlantic,9000,1,2010,Wielgus 2010,Dominican Republic*
Ecuador,Eastern Pacific/Atlantic,10439,0,,,Ecuador
Egypt,Middle East/NE Africa,205260,0,,,Egypt
Eritrea,Middle East/NE Africa,11255,0,,,Eritrea
Federated States of Micronesia,Western Pacific,35960,0,,,Federated States of Micronesia
Fiji,Western Pacific,43475,1,2007,Starkhouse 2009,Fiji*
Florida & US Gulf of Mexico,Eastern Pacific/Atlantic,45000,0,,,Florida & US Gulf of Mexico
French Polynesia,Western Pacific,21495,0,,,French Polynesia
Grenada,Eastern Pacific/Atlantic,1953,0,,,Grenada
Guadeloupe,Eastern Pacific/Atlantic,2446,0,,,Guadeloupe
Guam,Western Pacific,1817,0,,,Guam
Haiti,Eastern Pacific/Atlantic,55045,0,,,Haiti
Hawaii,Western Pacific,42480,0,,,Hawaii
Honduras,Eastern Pacific/Atlantic,12454,0,,,Honduras
India,Indian Ocean,958530,0,,,India
Indonesia,Southeast Asia,1657757,0,,,Indonesia
Iran,Middle East/NE Africa,15953,0,,,Iran
Israel,Middle East/NE Africa,400,0,,,Israel
Jamaica,Eastern Pacific/Atlantic,20000,0,2002,,Jamaica
Japan,Southeast Asia,30576,0,,,Japan 1
Jordan,Middle East/NE Africa,90,0,,,Jordan
Kenya,Indian Ocean,12938,0,,,Kenya
Kiribati,Western Pacific,14260,0,,,Kiribati
Kuwait,Middle East/NE Africa,3566,0,,,Kuwait
Madagascar,Indian Ocean,61906,0,,,Madagascar
Malaysia,Southeast Asia,83720,0,,,Malaysia
Maldives,Indian Ocean,30223,0,,,Maldives
Marshall Islands,Western Pacific,21743,0,,,Marshall Islands
Martinique,Eastern Pacific/Atlantic,2500,1,2005,Wilkinson 2008,Martinique*
Mauritius,Indian Ocean,7127,0,,,Mauritius
Mayotte,Indian Ocean,1005,0,,,Mayotte
Mexico,Eastern Pacific/Atlantic,64705,0,,,Mexico
Mozambique,Indian Ocean,50326,0,,,Mozambique
Myanmar,Southeast Asia,123746,0,,,Myanmar
Nauru,Western Pacific,292,0,,,Nauru
Netherland Antilles,Eastern Pacific/Atlantic,790,0,,,Netherland Antilles
New Caledonia,Western Pacific,23539,0,,,New Caledonia
Nicaragua,Eastern Pacific/Atlantic,6755,0,,,Nicaragua
Niue,Western Pacific,607,0,,,Niue
Northern Mariana Islands,Western Pacific,603,0,,,Northern Mariana Islands
Oman,Middle East/NE Africa,10287,0,,,Oman
Palau,Western Pacific,3795,0,,,Palau
Panama,Eastern Pacific/Atlantic,6551,0,,,Panama
Papua New Guinea,Western Pacific,107952,0,,,Papua New Guinea
Philippines,Southeast Asia,911754,0,,,Philippines
Puerto Rico,Eastern Pacific/Atlantic,1163,1,2002,Garcia-Sais 2008,Puerto Rico*
Qatar,Middle East/NE Africa,4505,0,,,Qatar
Reunion,Indian Ocean,1060,0,,,Reunion
St. Kitts and Nevis,Eastern Pacific/Atlantic,488,1,,ACP Fish II 2012,St. Kitts and Nevis*
St. Lucia,Eastern Pacific/Atlantic,1040,0,,,St. Lucia
St. Vincent and the Grenadines,Eastern Pacific/Atlantic,587,0,,,St. Vincent and the Grenadines
Samoa,Western Pacific,3586,0,,,Samoa
Saudi Arabia,Middle East/NE Africa,24500,0,,,Saudi Arabia
Seychelles,Indian Ocean,2000,1,2005,FAO 2012,Seychelles*
Solomon Islands,Western Pacific,58930,0,,,Solomon Islands
Somalia,Indian Ocean,3694,0,,,Somalia
Sri Lanka,Indian Ocean,22417,0,,,Sri Lanka
Sudan,Middle East/NE Africa,27254,0,,,Sudan
Taiwan,Southeast Asia,26516,0,,,Taiwan 1
Tanzania,Indian Ocean,108789,0,,,Tanzania
Thailand,Southeast Asia,99807,0,,,Thailand
Timor-Leste,Southeast Asia,5415,1,2005,,Timor-Leste*
Tokelau,Western Pacific,179,0,,,Tokelau
Tonga,Western Pacific,7170,0,,,Tonga
Trinidad and Tobago,Eastern Pacific/Atlantic,6005,0,,,Trinidad and Tobago
Turks and Caicos Islands,Eastern Pacific/Atlantic,2524,0,,,Turks and Caicos Islands
Tuvalu,Western Pacific,2708,0,,,Tuvalu
United States Virgin Islands,Eastern Pacific/Atlantic,981,0,,,United States Virgin Islands
United Arab Emirates,Middle East/NE Africa,12385,0,,,United Arab Emirates
Vanuatu,Western Pacific,9410,0,,,Vanuatu
Venezuela,Eastern Pacific/Atlantic,21291,0,,,Venezuela
Vietnam,Southeast Asia,204546,0,,,Vietnam
Wallis and Futuna,Western Pacific,10357,0,,,Wallis and Futuna
Yemen,Middle East/NE Africa,20993,0,,,Yemen
